{
  "mobilenetv3": {
    "params": {
      "total": 1519906,
      "trainable": 592898,
      "trainable_ratio": 0.3900885975843243
    },
    "train_curve": {
      "max": 0.9649999737739563,
      "step_at_max": 20,
      "mean": 0.926044972169967,
      "first_step_ge_threshold": 5,
      "threshold": 0.9
    },
    "val_curve": {
      "max": 0.930232584476471,
      "step_at_max": 15,
      "mean": 0.8835978990509397,
      "first_step_ge_threshold": 7,
      "threshold": 0.9
    },
    "overfitting_gap": 0.03476738929748535,
    "test": {
      "loss": 0.2668352847361261,
      "acc": 0.9019108280254777,
      "precision": 0.8729016786570744,
      "recall": 0.9381443298969072,
      "f1": 0.9043478260869565,
      "errors": {
        "tn": 344,
        "fp": 53,
        "fn": 24,
        "tp": 364
      }
    },
    "runtime": {
      "model": "mobilenetv3",
      "avg_latency_ms": 0.5251048407131794,
      "fps": 1904.3816062366407
    },
    "raw_curves": {
      "train": [
        [
          1,
          2,
          3,
          4,
          5,
          6,
          7,
          8,
          9,
          10,
          11,
          12,
          13,
          14,
          15,
          16,
          17,
          18,
          19,
          20,
          21
        ],
        [
          0.7869444489479065,
          0.8700000047683716,
          0.8919444680213928,
          0.898888885974884,
          0.914722204208374,
          0.9116666913032532,
          0.903333306312561,
          0.9255555272102356,
          0.9319444298744202,
          0.9405555725097656,
          0.9413889050483704,
          0.9438889026641846,
          0.9466666579246521,
          0.9441666603088379,
          0.949999988079071,
          0.9441666603088379,
          0.9522222280502319,
          0.9611111283302307,
          0.9622222185134888,
          0.9649999737739563,
          0.9605555534362793
        ]
      ],
      "val": [
        [
          1,
          2,
          3,
          4,
          5,
          6,
          7,
          8,
          9,
          10,
          11,
          12,
          13,
          14,
          15,
          16,
          17,
          18,
          19,
          20,
          21
        ],
        [
          0.5426356792449951,
          0.7390180826187134,
          0.866925060749054,
          0.8720930218696594,
          0.8901808857917786,
          0.8824289441108704,
          0.9082687497138977,
          0.9082687497138977,
          0.9186046719551086,
          0.9147287011146545,
          0.9108527302742004,
          0.91989666223526,
          0.9147287011146545,
          0.91989666223526,
          0.930232584476471,
          0.9224806427955627,
          0.930232584476471,
          0.91989666223526,
          0.9108527302742004,
          0.91989666223526,
          0.9134367108345032
        ]
      ]
    }
  },
  "efficientnet_b0": {
    "params": {
      "total": 4010110,
      "trainable": 2562,
      "trainable_ratio": 0.0006388852176124844
    },
    "train_curve": {
      "max": 0.8922222256660461,
      "step_at_max": 29,
      "mean": 0.8601203739643097,
      "first_step_ge_threshold": null,
      "threshold": 0.9
    },
    "val_curve": {
      "max": 0.8888888955116272,
      "step_at_max": 29,
      "mean": 0.8565030097961426,
      "first_step_ge_threshold": null,
      "threshold": 0.9
    },
    "overfitting_gap": 0.0033333301544189453,
    "test": {
      "loss": 0.29938889428688464,
      "acc": 0.8777070063694268,
      "precision": 0.8560975609756097,
      "recall": 0.904639175257732,
      "f1": 0.8796992481203008,
      "errors": {
        "tn": 338,
        "fp": 59,
        "fn": 37,
        "tp": 351
      }
    },
    "runtime": {
      "model": "efficientnet_b0",
      "avg_latency_ms": 1.0350602546967804,
      "fps": 966.1273297494636
    },
    "raw_curves": {
      "train": [
        [
          1,
          2,
          3,
          4,
          5,
          6,
          7,
          8,
          9,
          10,
          11,
          12,
          13,
          14,
          15,
          16,
          17,
          18,
          19,
          20,
          21,
          22,
          23,
          24,
          25,
          26,
          27,
          28,
          29,
          30
        ],
        [
          0.653333306312561,
          0.7763888835906982,
          0.8055555820465088,
          0.8224999904632568,
          0.8377777934074402,
          0.8413888812065125,
          0.8530555367469788,
          0.8516666889190674,
          0.8663889169692993,
          0.8683333396911621,
          0.8600000143051147,
          0.8666666746139526,
          0.8658333420753479,
          0.8774999976158142,
          0.8816666603088379,
          0.8772222399711609,
          0.8791666626930237,
          0.8847222328186035,
          0.8774999976158142,
          0.8833333253860474,
          0.8813889026641846,
          0.8894444704055786,
          0.8791666626930237,
          0.8866666555404663,
          0.8899999856948853,
          0.8883333206176758,
          0.8897222280502319,
          0.8897222280502319,
          0.8922222256660461,
          0.8869444727897644
        ]
      ],
      "val": [
        [
          1,
          2,
          3,
          4,
          5,
          6,
          7,
          8,
          9,
          10,
          11,
          12,
          13,
          14,
          15,
          16,
          17,
          18,
          19,
          20,
          21,
          22,
          23,
          24,
          25,
          26,
          27,
          28,
          29,
          30
        ],
        [
          0.7299741506576538,
          0.7596899271011353,
          0.817829430103302,
          0.8139534592628479,
          0.8268733620643616,
          0.8475452065467834,
          0.8385012745857239,
          0.8488371968269348,
          0.8501291871070862,
          0.8578811287879944,
          0.8540051579475403,
          0.8643410801887512,
          0.866925060749054,
          0.8733850121498108,
          0.866925060749054,
          0.8720930218696594,
          0.8733850121498108,
          0.8798449635505676,
          0.8759689927101135,
          0.8759689927101135,
          0.8785529732704163,
          0.8695090413093567,
          0.881136953830719,
          0.8785529732704163,
          0.8785529732704163,
          0.8824289441108704,
          0.8798449635505676,
          0.8785529732704163,
          0.8888888955116272,
          0.8850129246711731
        ]
      ]
    }
  },
  "resnet18": {
    "params": {
      "total": 11177538,
      "trainable": 8404290,
      "trainable_ratio": 0.7518909799277802
    },
    "train_curve": {
      "max": 0.9944444298744202,
      "step_at_max": 17,
      "mean": 0.9753431327202741,
      "first_step_ge_threshold": 2,
      "threshold": 0.9
    },
    "val_curve": {
      "max": 0.9534883499145508,
      "step_at_max": 11,
      "mean": 0.9394284767263076,
      "first_step_ge_threshold": 1,
      "threshold": 0.9
    },
    "overfitting_gap": 0.040956079959869385,
    "test": {
      "loss": 0.36910710560786686,
      "acc": 0.9248407643312102,
      "precision": 0.8834498834498834,
      "recall": 0.9768041237113402,
      "f1": 0.9277845777233782,
      "errors": {
        "tn": 347,
        "fp": 50,
        "fn": 9,
        "tp": 379
      }
    },
    "runtime": {
      "model": "resnet18",
      "avg_latency_ms": 0.8416707009806708,
      "fps": 1188.1131169646897
    },