{
  "mobilenetv3": {
    "params": {
      "total": 1519906,
      "trainable": 592898,
      "trainable_ratio": 0.3900885975843243
    },
    "train_curve": {
      "max": 0.8553400039672852,
      "step_at_max": 30,
      "mean": 0.8245636622111002,
      "first_step_ge_threshold": null,
      "threshold": 0.9
    },
    "val_curve": {
      "max": 0.8758907318115234,
      "step_at_max": 29,
      "mean": 0.8420130670070648,
      "first_step_ge_threshold": null,
      "threshold": 0.9
    },
    "overfitting_gap": -0.02055072784423828,
    "test": {
      "loss": 0.28022850607865213,
      "acc": 0.8737008809264575,
      "precision": 0.854896086875117,
      "recall": 0.9011249259917111,
      "f1": 0.8774019984627209,
      "errors": {
        "tn": 4261,
        "fp": 775,
        "fn": 501,
        "tp": 4566
      }
    },
    "runtime": {
      "model": "mobilenetv3",
      "avg_latency_ms": 0.35158562488504685,
      "fps": 2844.2573564461186
    },
    "raw_curves": {
      "train": [
        [
          1,
          2,
          3,
          4,
          5,
          6,
          7,
          8,
          9,
          10,
          11,
          12,
          13,
          14,
          15,
          16,
          17,
          18,
          19,
          20,
          21,
          22,
          23,
          24,
          25,
          26,
          27,
          28,
          29,
          30
        ],
        [
          0.7083044648170471,
          0.7578194737434387,
          0.7735697031021118,
          0.7879466414451599,
          0.797683835029602,
          0.8057631254196167,
          0.8079778552055359,
          0.814065158367157,
          0.8178139925003052,
          0.8214020729064941,
          0.8228001594543457,
          0.8280461430549622,
          0.8286523818969727,
          0.8292586207389832,
          0.835766613483429,
          0.8373997807502747,
          0.8392927646636963,
          0.8389834761619568,
          0.8415445685386658,
          0.843957245349884,
          0.8453429937362671,
          0.8446377515792847,
          0.8455162048339844,
          0.8479906916618347,
          0.8496981263160706,
          0.8531376719474792,
          0.8524324297904968,
          0.8517271876335144,
          0.8530387282371521,
          0.8553400039672852
        ]
      ],
      "val": [
        [
          1,
          2,
          3,
          4,
          5,
          6,
          7,
          8,
          9,
          10,
          11,
          12,
          13,
          14,
          15,
          16,
          17,
          18,
          19,
          20,
          21,
          22,
          23,
          24,
          25,
          26,
          27,
          28,
          29,
          30
        ],
        [
          0.7364410161972046,
          0.792062520980835,
          0.807106077671051,
          0.8183887600898743,
          0.8120546340942383,
          0.8075019717216492,
          0.8274940848350525,
          0.8369952440261841,
          0.8333333134651184,
          0.8377870321273804,
          0.8519397974014282,
          0.8506532311439514,
          0.8454077839851379,
          0.8417458534240723,
          0.851642906665802,
          0.8544141054153442,
          0.8587688207626343,
          0.8428345322608948,
          0.8640142679214478,
          0.8606492280960083,
          0.8557007312774658,
          0.8612430691719055,
          0.8602533936500549,
          0.8465954065322876,
          0.8675771951675415,
          0.8685669302940369,
          0.862133800983429,
          0.8595605492591858,
          0.8758907318115234,
          0.8716350197792053
        ]
      ]
    }
  },
  "efficientnet_b0": {
    "params": {
      "total": 4010110,
      "trainable": 2562,
      "trainable_ratio": 0.0006388852176124844
    },
    "train_curve": {
      "max": 0.7175838947296143,
      "step_at_max": 9,
      "mean": 0.7119762668242822,
      "first_step_ge_threshold": null,
      "threshold": 0.9
    },
    "val_curve": {
      "max": 0.7621734142303467,
      "step_at_max": 7,
      "mean": 0.7539740617458637,
      "first_step_ge_threshold": null,
      "threshold": 0.9
    },
    "overfitting_gap": -0.04458951950073242,
    "test": {
      "loss": 0.49833064454859416,
      "acc": 0.7589824804513511,
      "precision": 0.7408491947291361,
      "recall": 0.7988948095520032,
      "f1": 0.7687778938372424,
      "errors": {
        "tn": 3620,
        "fp": 1416,
        "fn": 1019,
        "tp": 4048
      }
    },
    "runtime": {
      "model": "efficientnet_b0",
      "avg_latency_ms": 0.9772776874706324,
      "fps": 1023.2506203924261
    },
    "raw_curves": {
      "train": [
        [
          1,
          2,
          3,
          4,
          5,
          6,
          7,
          8,
          9,
          10,
          11,
          12,
          13
        ],
        [
          0.6804043650627136,
          0.7066960334777832,
          0.7105562686920166,
          0.7159754633903503,
          0.7175467610359192,
          0.7155919075012207,
          0.7170889973640442,
          0.715765118598938,
          0.7175838947296143,
          0.7137483954429626,
          0.7163837552070618,
          0.7135380506515503,
          0.7148124575614929
        ]
      ],
      "val": [
        [
          1,
          2,
          3,
          4,
          5,
          6,
          7,
          8,
          9,
          10,
          11,
          12,
          13
        ],
        [
          0.7399049997329712,
          0.7486144304275513,
          0.7518804669380188,
          0.7578186988830566,
          0.7572248578071594,
          0.7548495531082153,
          0.7621734142303467,
          0.7498020529747009,
          0.7562351822853088,
          0.7546516060829163,
          0.75435471534729,
          0.7620744109153748,
          0.7520784139633179
        ]
      ]
    }
  },
  "resnet18": {
    "params": {
      "total": 11177538,
      "trainable": 8404290,
      "trainable_ratio": 0.7518909799277802
    },
    "train_curve": {
      "max": 0.9892234802246094,
      "step_at_max": 29,
      "mean": 0.9734093050161997,
      "first_step_ge_threshold": 2,
      "threshold": 0.9
    },
    "val_curve": {
      "max": 0.991488516330719,
      "step_at_max": 29,
      "mean": 0.9749637087186177,
      "first_step_ge_threshold": 1,
      "threshold": 0.9
    },
    "overfitting_gap": -0.002265036106109619,
    "test": {
      "loss": 0.03108074930980884,
      "acc": 0.9891121449074533,
      "precision": 0.9952047952047952,
      "recall": 0.9830274324057627,
      "f1": 0.9890786338363781,
      "errors": {
        "tn": 5012,
        "fp": 24,
        "fn": 86,
        "tp": 4981
      }
    },
    "runtime": {
      "model": "resnet18",
      "avg_latency_ms": 0.7270563750716974,
      "fps": 1375.409162599512
    },